"when","letter","pct"
"post","A",0.609967021995421
"post","B",0.262386921750355
"post","C",0.0852915074074448
"post","D",0.0172478997952742
"post","F",0.0251066490515042
"pre","A",0.445185989133868
"pre","B",0.344117972403422
"pre","C",0.148586905813493
"pre","D",0.0317936172293447
"pre","F",0.0303155154198723
